Insert into TYPE (TYPE,DESCRIPTION) values ('Craft','Knitting, sewing, etc.');
Insert into TYPE (TYPE,DESCRIPTION) values ('Art','Painting, sculpting, etc.');
Insert into TYPE (TYPE,DESCRIPTION) values ('Exercise','Any courses having to do with physical activity');
Insert into TYPE (TYPE,DESCRIPTION) values ('Languages','Anything to do with writing, literature, or communication');
Insert into TYPE (TYPE,DESCRIPTION) values ('Kids','Courses geared towards children 13 and younger');
COMMIT;

Insert into FAMILYPACKAGE (ID,ADDRESS,PHONE) values (1,'23 Beacon St. Hillside IL','708-555-9384');
Insert into FAMILYPACKAGE (ID,ADDRESS,PHONE) values (2,'4930 Dickens Ave Chicago IL','312-555-9403');
Insert into FAMILYPACKAGE (ID,ADDRESS,PHONE) values (3,'345 Fullerton St Chicago IL','773-555-0032');
Insert into FAMILYPACKAGE (ID,ADDRESS,PHONE) values (4,'34 Maple Ln Elmhurst IL','312-555-9382');
Insert into FAMILYPACKAGE (ID,ADDRESS,PHONE) values (5,'563 Harvard Ave Lisle IL','630-555-9321');
COMMIT;

Insert into RECCENTERMEMBER (ID,F_NAME,L_NAME,DOB,FAMILY_ID) values (2,'Mike','O''Shea',to_date('04-JUL-68','DD-MON-RR'),2);
Insert into RECCENTERMEMBER (ID,F_NAME,L_NAME,DOB,FAMILY_ID) values (3,'April','O''Shea',to_date('23-JUN-54','DD-MON-RR'),2);
Insert into RECCENTERMEMBER (ID,F_NAME,L_NAME,DOB,FAMILY_ID) values (4,'Vijay','Gupta',to_date('01-AUG-45','DD-MON-RR'),null);
Insert into RECCENTERMEMBER (ID,F_NAME,L_NAME,DOB,FAMILY_ID) values (5,'Lisa','Tang',to_date('05-NOV-00','DD-MON-RR'),3);
Insert into RECCENTERMEMBER (ID,F_NAME,L_NAME,DOB,FAMILY_ID) values (6,'Harry','Smith',to_date('03-FEB-72','DD-MON-RR'),null);
Insert into RECCENTERMEMBER (ID,F_NAME,L_NAME,DOB,FAMILY_ID) values (7,'Justin','Smith',to_date('02-FEB-83','DD-MON-RR'),1);
Insert into RECCENTERMEMBER (ID,F_NAME,L_NAME,DOB,FAMILY_ID) values (8,'Lisa','Brown',to_date('28-DEC-59','DD-MON-RR'),null);
Insert into RECCENTERMEMBER (ID,F_NAME,L_NAME,DOB,FAMILY_ID) values (9,'Harry','Tang',to_date('03-APR-48','DD-MON-RR'),3);
Insert into RECCENTERMEMBER (ID,F_NAME,L_NAME,DOB,FAMILY_ID) values (10,'Dongmei','Tang',to_date('02-JUN-42','DD-MON-RR'),3);
Insert into RECCENTERMEMBER (ID,F_NAME,L_NAME,DOB,FAMILY_ID) values (11,'Laura','Dickinson',to_date('11-NOV-98','DD-MON-RR'),null);
Insert into RECCENTERMEMBER (ID,F_NAME,L_NAME,DOB,FAMILY_ID) values (12,'Victor','Garcia',to_date('05-APR-06','DD-MON-RR'),5);
Insert into RECCENTERMEMBER (ID,F_NAME,L_NAME,DOB,FAMILY_ID) values (13,'Emily','Citrin',to_date('04-MAY-93','DD-MON-RR'),null);
Insert into RECCENTERMEMBER (ID,F_NAME,L_NAME,DOB,FAMILY_ID) values (14,'Maria','Garcia',to_date('07-JUL-07','DD-MON-RR'),5);
Insert into RECCENTERMEMBER (ID,F_NAME,L_NAME,DOB,FAMILY_ID) values (15,'Cassie','O''Shea',to_date('02-JUN-88','DD-MON-RR'),2);
Insert into RECCENTERMEMBER (ID,F_NAME,L_NAME,DOB,FAMILY_ID) values (16,'Cassandra','McDonald',to_date('01-JUL-90','DD-MON-RR'),null);
Insert into RECCENTERMEMBER (ID,F_NAME,L_NAME,DOB,FAMILY_ID) values (17,'Jessie','Knapp',to_date('12-SEP-81','DD-MON-RR'),4);
Insert into RECCENTERMEMBER (ID,F_NAME,L_NAME,DOB,FAMILY_ID) values (18,'Monica','Knapp',to_date('17-SEP-82','DD-MON-RR'),4);
Insert into RECCENTERMEMBER (ID,F_NAME,L_NAME,DOB,FAMILY_ID) values (19,'Leslie','Blackburn',to_date('19-JAN-86','DD-MON-RR'),null);
Insert into RECCENTERMEMBER (ID,F_NAME,L_NAME,DOB,FAMILY_ID) values (20,'Sandra','Svoboda',to_date('09-SEP-99','DD-MON-RR'),null);
Insert into RECCENTERMEMBER (ID,F_NAME,L_NAME,DOB,FAMILY_ID) values (1,'Abby','Smith',to_date('21-MAY-83','DD-MON-RR'),1);
COMMIT;

Insert into INSTRUCTOR (ID,F_NAME,L_NAME,MEMBER_ID) values (2,'Monica','Knapp',18);
Insert into INSTRUCTOR (ID,F_NAME,L_NAME,MEMBER_ID) values (3,'James','Robertson',null);
Insert into INSTRUCTOR (ID,F_NAME,L_NAME,MEMBER_ID) values (4,'April','O''Shea',2);
Insert into INSTRUCTOR (ID,F_NAME,L_NAME,MEMBER_ID) values (5,'Harry','Tang',9);
Insert into INSTRUCTOR (ID,F_NAME,L_NAME,MEMBER_ID) values (1,'Annie','Heard',null);
COMMIT;

Insert into CLASS (ID,TITLE,TYPE,INSTRUCTOR,SEASON,YEAR) values (1,'Needle points','Craft',2,'Spring',2010);
Insert into CLASS (ID,TITLE,TYPE,INSTRUCTOR,SEASON,YEAR) values (2,'Photography','Art',1,'Fall',2008);
Insert into CLASS (ID,TITLE,TYPE,INSTRUCTOR,SEASON,YEAR) values (3,'Woodworking','Craft',4,'Spring',2009);
Insert into CLASS (ID,TITLE,TYPE,INSTRUCTOR,SEASON,YEAR) values (4,'Chinese (Intro.)','Languages',1,'Winter',2008);
Insert into CLASS (ID,TITLE,TYPE,INSTRUCTOR,SEASON,YEAR) values (5,'Team games','Kids',1,'Summer',2008);
Insert into CLASS (ID,TITLE,TYPE,INSTRUCTOR,SEASON,YEAR) values (6,'Yoga (Intro.)','Exercise',2,'Fall',2009);
Insert into CLASS (ID,TITLE,TYPE,INSTRUCTOR,SEASON,YEAR) values (7,'Origami (Adv.)','Craft',4,'Fall',2009);
Insert into CLASS (ID,TITLE,TYPE,INSTRUCTOR,SEASON,YEAR) values (8,'Oil painting','Art',3,'Spring',2009);
Insert into CLASS (ID,TITLE,TYPE,INSTRUCTOR,SEASON,YEAR) values (9,'Yoga (Adv.)','Exercise',1,'Spring',2008);
Insert into CLASS (ID,TITLE,TYPE,INSTRUCTOR,SEASON,YEAR) values (10,'Chinese (Intro.)','Languages',3,'Spring',2009);
COMMIT;

Insert into ENROLLMENT (CLASS_ID,MEMBER_ID,COST) values (3,3,20);
Insert into ENROLLMENT (CLASS_ID,MEMBER_ID,COST) values (1,9,15);
Insert into ENROLLMENT (CLASS_ID,MEMBER_ID,COST) values (2,9,20);
Insert into ENROLLMENT (CLASS_ID,MEMBER_ID,COST) values (4,10,30);
Insert into ENROLLMENT (CLASS_ID,MEMBER_ID,COST) values (3,10,10);
Insert into ENROLLMENT (CLASS_ID,MEMBER_ID,COST) values (5,5,10);
Insert into ENROLLMENT (CLASS_ID,MEMBER_ID,COST) values (4,9,30);
Insert into ENROLLMENT (CLASS_ID,MEMBER_ID,COST) values (1,11,25);
Insert into ENROLLMENT (CLASS_ID,MEMBER_ID,COST) values (2,19,40);
Insert into ENROLLMENT (CLASS_ID,MEMBER_ID,COST) values (7,14,10);
Insert into ENROLLMENT (CLASS_ID,MEMBER_ID,COST) values (8,12,5);
Insert into ENROLLMENT (CLASS_ID,MEMBER_ID,COST) values (1,1,30);
Insert into ENROLLMENT (CLASS_ID,MEMBER_ID,COST) values (6,1,15);
Insert into ENROLLMENT (CLASS_ID,MEMBER_ID,COST) values (9,1,20);
Insert into ENROLLMENT (CLASS_ID,MEMBER_ID,COST) values (8,1,25);
Insert into ENROLLMENT (CLASS_ID,MEMBER_ID,COST) values (1,13,18);
Insert into ENROLLMENT (CLASS_ID,MEMBER_ID,COST) values (2,20,9);
Insert into ENROLLMENT (CLASS_ID,MEMBER_ID,COST) values (10,4,15);
Insert into ENROLLMENT (CLASS_ID,MEMBER_ID,COST) values (1,2,3);
COMMIT;

